use [Library]
go
insert into [Authors]([name],[URL]) values ('J.R.R. Tolkien','www.jrrtolkien.com'),
                                           ('G.R.R. Martin','www.grrMartin.com'),
                                           ('Anjey Sapkovski','www.asapcovski.pl'),
                                           ('Glen Kook','www.gkook.com'),
                                           ('Robert Hiline','www.jrrtolkien.com'),
	                                       ('Robert Gelijaznu','www.rgez.com'),
	                                       ('William Shakespeare','www.wsh.com'),
	                                       ('Charles Dickens','www.chadick.com'),
	                                       ('Homer','www.homer.com'),
		                                   ('Mark Twain','www.mt.com'),
		                                   ('Edgar Allan Poe','www.blackcrown.com'),
		                                   ('Ernest Hemingway','www.oldandsea.com'),
		                                   ('Dante Alighieri','www.da.com'),
			                               ('Arthur Conan Doyle','www.holms.com'),
			                               ('Jules Verne','www.nemo.com'),
			                               ('Friedrich Nietzsche','www.hh.com'),
			                               ('Agatha Christie','www.achristie.com'),
			                               ('Rudyard Kipling','www.thelast.com'),
			                               ('Stephen King','www.horor.com'),
	                                       ('Jack London','www.whiteclaw.com')
go
insert into [Publishers]([name],[URL]) values ('Pearson','www.Pearson.com'),
										   ('RELX Group','www.RELXGroup.com'),
										   ('ThomsonReuters','www.ThomsonReuters.com'),
										   ('Bertelsmann','www.Bertelsmann.com'),
										   ('Wolters Kluwer','www.WoltersKluwer.com'),
										   ('Hachette Livre','www.HachetteLivre.com'),
										   ('Grupo Planeta','www.GrupoPlaneta.com'),
										   ('McGraw-Hill','www.McGraw-Hill.com'),
										   ('Wiley','www.Wiley.com'),
										   ('Springer Nature','www.SpringerNature.com'),
										   ('Scholastic','www.Scholastic.com'),
										   ('HarperCollins','www.HarperCollins.com'),
										   ('Cengage Learning ','www.CengageLearning.com'),
										   ('Houghton Mifflin','www.HoughtonMifflin.com'),
										   ('Holtzbrinck','www.Holtzbrinck.com'),
										   ('Shueisha','www.Shueisha.com'),
										   ('Kodansha','www.Kodansha.com'),
										   ('Kadokawa Publishing','www.KadokawaPublishing.com'),
										   ('Bonnier','www.Bonnier.com'),
										   ('Shogakukan','www.Shogakukan.com')
go
insert into [Books]([ISBN],[publisher_id],[URL],[price]) values 										   
										   ('978-1-891830-75-4',1,'www.book.com/1',10),
										   ('978-1-60309-050-6',2,'www.book.com/2',11),
										   ('978-1-891830-71-6',3,'www.book3.com/3',14),
										   ('978-1-60309-025-4',4,'www.book.com/4',19),
										   ('978-1-60309-047-6',5,'www.book.com/5',9),
										   ('978-1-60309-322-4',6,'www.book.com/6',8),
										   ('978-1-891830-85-3',7,'www.book.com/7',20),
										   ('978-1-60309-016-2',8,'www.book.com/8',21),
										   ('978-1-60309-265-4',9,'www.book.com/9',13),
										   ('978-1-60309-2395',10,'www.book.com/10',10),
										   ('978-1-891830-40-2',11,'www.book.com/11',11),
										   ('978-1-60309-420-7',12,'www.book.com/12',14),
										   ('978-1-891830-19-8',13,'www.book.com/13',16),
										   ('978-0-9858751-3-8',14,'www.book.com/14',11),
										   ('978-1-936561-69-8',15,'www.book.com/15',5),
										   ('978-1-60309-382-8',16,'www.book.com/16',23),
										   ('978-1-60309-427-6',17,'www.book.com/17',21),
										   ('978-1-60309-428-3',18,'www.book.com/18',11),
										   ('978-1-60309-100-8',19,'www.book.com/19',20),
										   ('978-1-891830-81-5',20,'www.book.com/20',11)
go
insert into [BooksAuthors]([books_authors_id],[ISBN],[author_id],[seq_no]) values
                                           (1,'978-1-891830-75-4',20,100),
										   (2,'978-1-891830-75-4',1,100),
										   (3,'978-1-60309-050-6',19,100),
										   (4,'978-1-60309-050-6',2,100),
										   (5,'978-1-891830-71-6',18,100),
										   (6,'978-1-891830-71-6',3,100),
										   (7,'978-1-60309-025-4',17,100),
										   (8,'978-1-60309-025-4',4,100),
										   (9,'978-1-60309-047-6',16,100),
										   (10,'978-1-60309-047-6',5,100),
										   (11,'978-1-60309-322-4',15,100),
										   (12,'978-1-60309-322-4',6,100),
										   (13,'978-1-891830-85-3',14,100),
										   (14,'978-1-891830-85-3',7,100),
										   (15,'978-1-60309-016-2',13,100),
										   (16,'978-1-60309-016-2',8,100),
										   (17,'978-1-60309-265-4',12,100),
										   (18,'978-1-60309-265-4',9,100),
										   (19,'978-1-60309-2395',11,100),
										   (20,'978-1-60309-2395',10,100),
										   (21,'978-1-891830-40-2',20,100),
										   (22,'978-1-891830-40-2',19,100),
										   (23,'978-1-60309-420-7',18,100),
										   (24,'978-1-60309-420-7',17,100),
										   (25,'978-1-891830-19-8',16,100),
										   (26,'978-1-891830-19-8',15,100),
										   (27,'978-0-9858751-3-8',14,100),
										   (28,'978-0-9858751-3-8',13,100),
										   (29,'978-1-936561-69-8',12,100),
										   (30,'978-1-936561-69-8',11,100),
										   (31,'978-1-60309-382-8',10,100),
										   (32,'978-1-60309-382-8',9,100),
										   (33,'978-1-60309-427-6',8,100),
										   (34,'978-1-60309-427-6',1,100),
										   (35,'978-1-60309-428-3',7,100),
										   (36,'978-1-60309-428-3',2,100),
										   (37,'978-1-60309-100-8',5,100),
										   (38,'978-1-60309-100-8',6,100),
										   (39,'978-1-891830-81-5',4,100),
										   (40,'978-1-891830-81-5',3,100)
go
use [master]